id,first_name,last_name,email,gender,ip_address
1,Heda,Teas,hteas0@yandex.ru,Female,145.148.16.173
2,Tobit,Kubacek,tkubacek1@shutterfly.com,Male,237.148.49.103
3,Dorothy,Rumford,drumford2@drupal.org,Genderqueer,2.117.139.139
4,Simonette,Merriott,smerriott3@moonfruit.com,Female,121.34.117.76
5,Regen,Laise,rlaise4@google.com,Male,45.142.26.166
6,Toddy,Baldacco,tbaldacco5@time.com,Male,126.101.127.34
7,Merwyn,Bowdery,mbowdery6@google.de,Male,204.106.246.241
8,Mata,Caile,mcaile7@si.edu,Male,80.233.209.125
9,Cord,Titley,ctitley8@usatoday.com,Male,64.84.134.238
10,Giff,Losemann,glosemann9@google.it,Male,228.207.206.150
11,Allie,Anstis,aanstisa@nps.gov,Male,18.55.168.215
12,Darwin,Scinelli,dscinellib@princeton.edu,Agender,0.104.230.67
13,Pavia,Lapworth,plapworthc@hostgator.com,Genderfluid,132.229.96.42
14,Moises,Sivills,msivillsd@angelfire.com,Male,194.161.100.129
15,Roland,Edmenson,redmensone@tiny.cc,Male,116.157.10.134
16,Wynne,Yanyushkin,wyanyushkinf@psu.edu,Female,0.198.50.144
17,Loella,Hains,lhainsg@utexas.edu,Female,111.155.118.232
18,Helaina,Fike,hfikeh@whitehouse.gov,Female,39.17.80.59
19,Maris,Tattersdill,mtattersdilli@tumblr.com,Polygender,99.104.13.175
20,Libbi,Mellers,lmellersj@weebly.com,Female,242.211.89.10
21,Juliann,Alman,jalmank@icio.us,Female,251.195.11.202
22,Burgess,Stead,bsteadl@live.com,Male,86.95.151.98
23,Sybila,Mallion,smallionm@51.la,Female,152.249.143.88
24,Freeland,Champion,fchampionn@nationalgeographic.com,Male,138.202.123.138
25,Ripley,Larret,rlarreto@shareasale.com,Male,64.212.232.79
26,Madelon,Mougin,mmouginp@pen.io,Female,228.199.144.227
27,Cliff,Wells,cwellsq@sohu.com,Male,251.163.246.199
28,Aubry,Maudlin,amaudlinr@storify.com,Female,241.67.248.170
29,Jacquelin,Killingbeck,jkillingbecks@psu.edu,Female,62.208.132.7
30,Elfreda,Nathan,enathant@altervista.org,Bigender,154.40.195.226
31,Cary,Waller-Bridge,cwallerbridgeu@noaa.gov,Non-binary,141.127.225.120
32,Maynard,Lightowlers,mlightowlersv@skype.com,Male,3.43.19.240
33,Brynna,Noyce,bnoycew@google.pl,Agender,220.58.25.249
34,Woody,Ride,wridex@soundcloud.com,Non-binary,228.176.30.104
35,Olly,Filewood,ofilewoody@webeden.co.uk,Female,37.107.33.148
36,Brockie,Domaschke,bdomaschkez@prlog.org,Male,187.194.16.109
37,Herculie,Oganesian,hoganesian10@sfgate.com,Male,4.52.6.181
38,Gray,Bortolozzi,gbortolozzi11@youtube.com,Female,59.44.53.181
39,Noelyn,Feldheim,nfeldheim12@accuweather.com,Female,113.171.1.58
40,Leonid,Breakwell,lbreakwell13@amazon.co.jp,Male,139.63.126.249
41,Denise,Wreiford,dwreiford14@miibeian.gov.cn,Female,173.17.167.220
42,Nilson,Givens,ngivens15@ustream.tv,Male,112.187.191.203
43,Derrick,Campaigne,dcampaigne16@woothemes.com,Male,150.228.86.178
44,Kaine,Doughartie,kdoughartie17@weibo.com,Male,102.192.48.130
45,Bobina,Umfrey,bumfrey18@desdev.cn,Female,150.105.43.153
46,Woodie,Waren,wwaren19@wisc.edu,Non-binary,221.144.208.47
47,Hamlin,Malarkey,hmalarkey1a@pinterest.com,Male,167.83.153.228
48,Barnabe,Sillitoe,bsillitoe1b@amazon.de,Male,215.202.73.34
49,Andeee,Castel,acastel1c@illinois.edu,Agender,179.191.233.176
50,Norry,Hookes,nhookes1d@loc.gov,Male,180.5.84.165
51,Ken,Saltman,ksaltman1e@webnode.com,Male,20.23.109.174
52,Alleyn,Barbary,abarbary1f@cam.ac.uk,Male,100.23.184.118
53,Giorgi,Alesin,galesin1g@blogger.com,Male,70.224.76.156
54,Huberto,Clowney,hclowney1h@chicagotribune.com,Male,236.1.149.71
55,Ilene,Heakey,iheakey1i@wikispaces.com,Female,38.130.52.25
56,Gwenette,Maseres,gmaseres1j@xing.com,Female,211.28.99.204
57,Andres,Braferton,abraferton1k@ocn.ne.jp,Male,33.81.101.231
58,Kenny,Lauthian,klauthian1l@instagram.com,Male,104.47.139.29
59,Jami,Amoss,jamoss1m@oracle.com,Female,142.205.102.115
60,Goraud,Nesterov,gnesterov1n@google.com.au,Male,182.107.89.15
61,Berty,Rodman,brodman1o@booking.com,Male,18.95.60.80
62,Mar,McTrusty,mmctrusty1p@list-manage.com,Male,48.8.35.222
63,Karine,Peche,kpeche1q@sphinn.com,Genderqueer,252.167.143.19
64,Levy,Albertson,lalbertson1r@trellian.com,Male,10.161.246.159
65,Ludwig,Coraini,lcoraini1s@unicef.org,Male,66.121.97.53
66,Antonina,Ioannidis,aioannidis1t@sogou.com,Female,173.60.153.60
67,Juieta,Viger,jviger1u@fda.gov,Female,174.164.110.115
68,Falito,Loxley,floxley1v@bing.com,Male,225.78.84.251
69,Skell,Fraczek,sfraczek1w@buzzfeed.com,Male,77.22.130.148
70,Gerik,Tunnow,gtunnow1x@w3.org,Male,30.237.85.27
71,Vassili,De Bruin,vdebruin1y@epa.gov,Male,226.82.234.185
72,Hartley,Boother,hboother1z@prnewswire.com,Male,28.224.151.188
73,Matteo,Kezourec,mkezourec20@gmpg.org,Male,15.221.32.171
74,Normie,Skinner,nskinner21@webeden.co.uk,Male,208.158.241.55
75,Bonny,Grigoliis,bgrigoliis22@creativecommons.org,Female,181.165.5.153
76,Marj,Brilleman,mbrilleman23@squarespace.com,Female,94.245.235.172
77,Caz,Ide,cide24@tripod.com,Male,16.195.166.47
78,Darrelle,Skillitt,dskillitt25@slate.com,Female,155.93.230.198
79,Peggie,Foux,pfoux26@marketwatch.com,Female,40.236.175.231
80,Wittie,Jahn,wjahn27@youtu.be,Male,245.176.216.69
81,Anya,Alton,aalton28@scientificamerican.com,Female,75.147.244.17
82,Lesley,Lillegard,llillegard29@house.gov,Bigender,192.187.246.77
83,Eachelle,Duncanson,eduncanson2a@salon.com,Female,210.151.157.101
84,Findlay,Fairbridge,ffairbridge2b@reverbnation.com,Male,105.86.132.19
85,Kial,Feighry,kfeighry2c@miitbeian.gov.cn,Female,64.216.52.251
86,Myles,Lockhead,mlockhead2d@yellowpages.com,Male,232.36.198.247
87,Denys,Magovern,dmagovern2e@cbc.ca,Female,44.232.125.190
88,Daphene,Hollow,dhollow2f@bbc.co.uk,Female,71.104.233.208
89,Pamella,Nottram,pnottram2g@typepad.com,Female,152.35.151.196
90,Helli,Kubek,hkubek2h@google.fr,Female,58.151.253.43
91,Humberto,Wannell,hwannell2i@mashable.com,Male,8.125.240.173
92,Sibyl,Riccardelli,sriccardelli2j@craigslist.org,Female,186.118.186.176
93,Vale,Bowlands,vbowlands2k@creativecommons.org,Female,38.244.101.103
94,Carina,Gascoyen,cgascoyen2l@dagondesign.com,Female,216.251.151.96
95,Zeb,Sirl,zsirl2m@ocn.ne.jp,Male,182.73.121.16
96,Olly,Charge,ocharge2n@cdc.gov,Female,247.146.191.51
97,Ervin,Robet,erobet2o@weibo.com,Male,34.150.65.128
98,Darice,Barke,dbarke2p@nydailynews.com,Female,138.143.247.66
99,Shane,Dixson,sdixson2q@uiuc.edu,Male,131.203.158.80
100,Dilly,Perin,dperin2r@wired.com,Male,151.115.173.208
101,Garik,Kitteman,gkitteman2s@latimes.com,Male,219.199.66.58
102,Otha,Atton,oatton2t@woothemes.com,Female,170.237.129.173
103,Adelheid,Dorbon,adorbon2u@theguardian.com,Female,172.44.182.127
104,Mara,Soule,msoule2v@craigslist.org,Female,190.185.214.247
105,Avril,Stribbling,astribbling2w@bloglovin.com,Female,172.165.191.101
106,Sibby,Rucklesse,srucklesse2x@about.me,Female,54.93.27.198
107,Claire,Woollons,cwoollons2y@bravesites.com,Male,155.243.97.53
108,Terrel,Roadknight,troadknight2z@columbia.edu,Male,216.121.223.225
109,Meta,Halwood,mhalwood30@theglobeandmail.com,Bigender,63.31.98.76
110,Alexis,Abela,aabela31@bigcartel.com,Male,47.113.250.230
111,Cherie,Cobby,ccobby32@unicef.org,Female,172.5.35.82
112,Malvin,Windram,mwindram33@jiathis.com,Male,161.48.233.137
113,Lurline,Tysack,ltysack34@google.fr,Female,232.160.45.192
114,Belvia,Grigore,bgrigore35@thetimes.co.uk,Polygender,151.13.247.169
115,Normie,Evason,nevason36@wp.com,Male,72.84.21.195
116,Michael,Chopy,mchopy37@goo.ne.jp,Male,211.49.230.39
117,Arnuad,Swalwel,aswalwel38@nyu.edu,Male,127.95.108.104
118,Fulton,Saich,fsaich39@mayoclinic.com,Male,170.73.157.57
119,Jenny,Buggy,jbuggy3a@loc.gov,Female,186.187.95.155
120,Eberto,Minor,eminor3b@fastcompany.com,Male,169.212.253.241
121,Cora,Kerslake,ckerslake3c@github.io,Female,17.11.63.214
122,Andris,Ondrich,aondrich3d@alexa.com,Male,118.76.215.198
123,Galen,Devenport,gdevenport3e@delicious.com,Non-binary,105.69.218.20
124,Trey,Cockney,tcockney3f@washingtonpost.com,Male,67.167.145.171
125,Caddric,Durnian,cdurnian3g@51.la,Male,106.166.224.111
126,Dillie,Oret,doret3h@usnews.com,Male,195.206.144.14
127,Archie,Flement,aflement3i@github.com,Male,189.72.226.90
128,Silvanus,Bowell,sbowell3j@ehow.com,Male,178.67.205.100
129,Nickey,Fookes,nfookes3k@nyu.edu,Male,28.191.135.131
130,Rolfe,Minto,rminto3l@naver.com,Male,220.143.216.114
131,Kingston,Pfeffel,kpfeffel3m@sciencedaily.com,Male,180.112.144.62
132,Rebeca,Cartmale,rcartmale3n@amazonaws.com,Female,120.47.196.38
133,Melisenda,Menure,mmenure3o@mit.edu,Female,97.3.27.157
134,Gerik,Trent,gtrent3p@examiner.com,Male,80.146.205.37
135,Cody,Byass,cbyass3q@gmpg.org,Male,217.187.255.203
136,Tadd,Mcettrick,tmcettrick3r@ehow.com,Polygender,113.163.74.218
137,Clayson,Sterley,csterley3s@japanpost.jp,Male,117.208.226.20
138,Lorri,Yourell,lyourell3t@dion.ne.jp,Female,116.3.246.238
139,Nichole,Dimelow,ndimelow3u@bigcartel.com,Female,115.37.109.155
140,Jewelle,McCreary,jmccreary3v@flavors.me,Female,174.33.58.113
141,Tommie,Kidstone,tkidstone3w@java.com,Male,150.159.80.107
142,Cyb,Linskill,clinskill3x@sciencedirect.com,Female,155.121.224.236
143,Deeann,Dainton,ddainton3y@prweb.com,Female,74.101.234.107
144,Godfrey,Emtage,gemtage3z@wordpress.org,Male,199.107.227.105
145,Myrle,Ruspine,mruspine40@who.int,Female,242.87.241.73
146,Brion,Banger,bbanger41@jigsy.com,Male,246.23.39.136
147,Hedwig,Mackison,hmackison42@eepurl.com,Female,165.118.53.144
148,Arnie,Indge,aindge43@opensource.org,Male,168.121.69.0
149,Faith,Janaszkiewicz,fjanaszkiewicz44@salon.com,Female,63.67.12.138
150,Anallese,Clayworth,aclayworth45@squidoo.com,Female,93.174.230.121
151,Sherlock,Bowshire,sbowshire46@businesswire.com,Genderqueer,11.168.31.39
152,Nicko,Daniel,ndaniel47@google.es,Male,223.153.10.107
153,Olive,Sidlow,osidlow48@cnn.com,Female,248.137.156.15
154,Northrup,Price,nprice49@bizjournals.com,Male,210.156.64.142
155,Manuel,Durran,mdurran4a@gnu.org,Male,175.69.161.147
156,Grenville,Goldbourn,ggoldbourn4b@shareasale.com,Male,136.194.198.39
157,Ermina,Schirach,eschirach4c@amazon.com,Female,147.221.156.133
158,Roxi,Avison,ravison4d@forbes.com,Female,112.114.101.165
159,Madella,MacRanald,mmacranald4e@sbwire.com,Female,186.99.138.23
160,Octavia,Paulin,opaulin4f@jiathis.com,Female,25.103.217.118
161,Corny,Clampe,cclampe4g@yale.edu,Male,220.140.64.242
162,Husein,Croall,hcroall4h@typepad.com,Male,129.187.203.176
163,Bentley,Purrington,bpurrington4i@amazon.com,Male,114.85.220.157
164,Marianna,Rhyme,mrhyme4j@walmart.com,Female,51.113.144.83
165,Melloney,Plumbridge,mplumbridge4k@mapquest.com,Female,230.217.17.246
166,Elbertine,Haggish,ehaggish4l@vistaprint.com,Female,222.41.188.142
167,Meara,Gerrelt,mgerrelt4m@wikimedia.org,Agender,166.92.118.159
168,Lynette,Vell,lvell4n@wordpress.com,Agender,65.227.179.137
169,Geoffry,Masterton,gmasterton4o@vimeo.com,Genderfluid,159.155.131.173
170,Humbert,D'Oyly,hdoyly4p@mashable.com,Male,207.55.171.191
171,Rockie,Trustie,rtrustie4q@state.tx.us,Male,154.219.104.142
172,Irina,Vasilyonok,ivasilyonok4r@issuu.com,Female,230.130.41.54
173,Alene,Muckley,amuckley4s@utexas.edu,Female,168.192.246.198
174,Uriah,Pretorius,upretorius4t@bravesites.com,Male,34.232.103.234
175,Margarette,Cancelier,mcancelier4u@slate.com,Female,190.43.86.187
176,Dame,Heinemann,dheinemann4v@goo.gl,Male,154.104.246.44
177,Maire,Graveston,mgraveston4w@hugedomains.com,Female,111.124.105.250
178,Debor,Cracknell,dcracknell4x@dailymotion.com,Female,206.134.105.25
179,Morey,Lardiner,mlardiner4y@example.com,Agender,153.124.186.152
180,Jonie,Ellesmere,jellesmere4z@moonfruit.com,Female,20.126.49.10
181,Alphonso,Denyakin,adenyakin50@sciencedirect.com,Male,185.19.97.124
182,Cesaro,Measey,cmeasey51@gravatar.com,Male,176.135.236.129
183,Ferdie,Rowett,frowett52@tiny.cc,Male,237.10.48.25
184,Germaine,Aloshechkin,galoshechkin53@lulu.com,Polygender,35.91.125.182
185,Germain,Hannaford,ghannaford54@youtube.com,Female,46.126.139.135
186,Jenn,Hagston,jhagston55@eepurl.com,Female,193.166.184.209
187,Wat,Lints,wlints56@rambler.ru,Male,217.201.138.132
188,Der,Northleigh,dnorthleigh57@histats.com,Male,134.34.174.204
189,Charlene,Lount,clount58@theguardian.com,Female,149.147.240.191
190,Orton,Buckenhill,obuckenhill59@flickr.com,Male,157.102.133.121
191,Celle,Maciocia,cmaciocia5a@admin.ch,Female,109.97.150.28
192,Hymie,Sammars,hsammars5b@baidu.com,Male,149.2.179.95
193,Billie,Skaife d'Ingerthorpe,bskaifedingerthorpe5c@jugem.jp,Male,160.103.184.121
194,Thain,Harriss,tharriss5d@examiner.com,Male,98.132.163.197
195,Rhoda,Golsby,rgolsby5e@merriam-webster.com,Female,88.109.138.31
196,Finlay,Siviour,fsiviour5f@biblegateway.com,Male,113.240.110.169
197,Ronnica,MacTrustram,rmactrustram5g@comsenz.com,Female,42.71.28.172
198,Emerson,Heak,eheak5h@zimbio.com,Male,8.106.226.74
199,Royall,Stredder,rstredder5i@parallels.com,Polygender,44.189.246.86
200,Halimeda,Kilbane,hkilbane5j@theglobeandmail.com,Female,145.177.71.151
201,Raynor,McGregor,rmcgregor5k@admin.ch,Male,229.238.209.18
202,Egon,Broomer,ebroomer5l@stanford.edu,Male,94.32.31.236
203,Bendick,Gallichiccio,bgallichiccio5m@soundcloud.com,Male,189.205.63.118
204,Nyssa,Petrollo,npetrollo5n@miibeian.gov.cn,Female,203.35.228.252
205,Seth,Marchetti,smarchetti5o@lycos.com,Male,11.36.194.24
206,Nert,Ayto,nayto5p@ocn.ne.jp,Female,227.245.12.22
207,Rock,Lumbly,rlumbly5q@cbc.ca,Male,113.8.214.215
208,Wandis,Pitkeathley,wpitkeathley5r@craigslist.org,Female,21.197.181.121
209,Lewiss,Lorryman,llorryman5s@kickstarter.com,Male,188.84.67.48
210,Clair,Pont,cpont5t@mashable.com,Female,190.76.85.186
211,Maddi,Rosenkrantz,mrosenkrantz5u@ning.com,Female,8.78.183.112
212,Gery,Manssuer,gmanssuer5v@timesonline.co.uk,Male,18.32.229.139
213,Hy,Bonsul,hbonsul5w@vistaprint.com,Male,97.72.100.184
214,Phil,Duffil,pduffil5x@pen.io,Male,205.155.136.239
215,Evangelin,Arndtsen,earndtsen5y@imageshack.us,Female,90.102.85.106
216,Tony,Seyers,tseyers5z@slashdot.org,Bigender,172.74.78.241
217,Linnell,Nieass,lnieass60@weather.com,Female,126.73.171.60
218,Aurelia,Yegorkov,ayegorkov61@npr.org,Female,39.1.166.247
219,Michael,Dyball,mdyball62@ihg.com,Male,190.241.165.141
220,Antony,Tolfrey,atolfrey63@freewebs.com,Male,222.182.3.77
221,Abbe,Kmieciak,akmieciak64@chronoengine.com,Female,176.178.247.178
222,Nikkie,Barehead,nbarehead65@studiopress.com,Female,245.143.135.139
223,Lilith,Hitter,lhitter66@unc.edu,Female,117.163.28.91
224,Amabel,Smiths,asmiths67@pinterest.com,Female,237.204.72.131
225,Honoria,Waind,hwaind68@washington.edu,Female,232.48.141.167
226,Bancroft,Offill,boffill69@unesco.org,Male,235.127.189.50
227,Glynis,Moffett,gmoffett6a@wsj.com,Female,112.5.146.52
228,Berny,Crecy,bcrecy6b@barnesandnoble.com,Polygender,51.133.14.228
229,Milka,Bollin,mbollin6c@jimdo.com,Female,86.160.155.25
230,Aguste,Collingdon,acollingdon6d@de.vu,Male,186.232.81.1
231,Karen,Ricks,kricks6e@technorati.com,Female,177.95.60.166
232,Raeann,McGarry,rmcgarry6f@friendfeed.com,Female,154.175.192.36
233,Thain,Rimington,trimington6g@java.com,Male,164.132.223.125
234,Mychal,Bence,mbence6h@constantcontact.com,Male,197.37.255.79
235,Loise,Stephens,lstephens6i@i2i.jp,Female,178.155.75.76
236,Clayborne,Titheridge,ctitheridge6j@goo.gl,Male,135.60.88.171
237,Ethelin,Bell,ebell6k@patch.com,Female,23.7.115.154
238,Eddie,Metschke,emetschke6l@alexa.com,Female,224.172.132.252
239,Maris,Fleischer,mfleischer6m@goo.gl,Female,110.222.201.40
240,Bernard,Minithorpe,bminithorpe6n@cam.ac.uk,Male,72.89.22.126
241,Ina,Curry,icurry6o@google.com.au,Female,254.49.14.158
242,Berkley,Gronou,bgronou6p@ezinearticles.com,Male,12.240.120.135
243,Adrien,Choldcroft,acholdcroft6q@ezinearticles.com,Male,2.121.152.251
244,Hilary,Latchford,hlatchford6r@msu.edu,Male,157.157.116.156
245,Nealon,Ballantyne,nballantyne6s@oakley.com,Male,42.57.115.4
246,Crystal,Dickens,cdickens6t@nsw.gov.au,Female,208.251.77.65
247,Bonita,Campling,bcampling6u@shareasale.com,Female,141.241.15.198
248,Bibi,Batts,bbatts6v@xing.com,Female,48.216.95.22
249,Laraine,Pirolini,lpirolini6w@nbcnews.com,Female,26.170.78.63
250,Elyssa,Stoakes,estoakes6x@vkontakte.ru,Polygender,30.180.210.214
251,Fredia,Pemberton,fpemberton6y@ucoz.ru,Female,215.255.212.96
252,Sutherland,Mapstone,smapstone6z@earthlink.net,Male,162.207.174.42
253,Joe,Farnaby,jfarnaby70@plala.or.jp,Male,241.51.147.47
254,Bertie,Scarffe,bscarffe71@pinterest.com,Female,92.204.58.93
255,Reginauld,Navarre,rnavarre72@weebly.com,Male,67.14.209.75
256,Rudd,Romagnosi,rromagnosi73@addthis.com,Male,74.247.167.109
257,Rubetta,Akehurst,rakehurst74@cargocollective.com,Female,188.129.16.161
258,Ralf,Decort,rdecort75@hatena.ne.jp,Male,200.239.206.57
259,Meridith,Milius,mmilius76@craigslist.org,Female,56.5.102.24
260,Rora,Longfoot,rlongfoot77@rambler.ru,Bigender,217.123.67.22
261,Larine,Capper,lcapper78@posterous.com,Female,209.2.97.130
262,Kelley,Konert,kkonert79@pen.io,Male,61.211.208.29
263,Falkner,Hintzer,fhintzer7a@elpais.com,Male,33.4.56.120
264,Roldan,Gerok,rgerok7b@cbc.ca,Male,30.255.241.243
265,Christoforo,Grier,cgrier7c@vinaora.com,Male,222.32.147.144
266,Ede,Gobeau,egobeau7d@admin.ch,Female,244.125.134.218
267,Early,Semeniuk,esemeniuk7e@usgs.gov,Male,113.22.159.111
268,Sharron,Kloser,skloser7f@about.com,Female,32.231.220.38
269,Pancho,Keston,pkeston7g@live.com,Agender,110.22.67.100
270,Wendeline,Parkyns,wparkyns7h@nydailynews.com,Female,246.7.132.149
271,Jamie,Shirland,jshirland7i@istockphoto.com,Female,80.105.209.7
272,Drusilla,Sambath,dsambath7j@sciencedirect.com,Female,195.29.202.187
273,Lonna,Joisce,ljoisce7k@webs.com,Female,4.4.156.235
274,Devy,Gumly,dgumly7l@cyberchimps.com,Male,182.74.34.70
275,Rena,Aldus,raldus7m@zdnet.com,Female,166.131.116.117
276,Lotty,Wilmot,lwilmot7n@hp.com,Female,37.41.185.235
277,Shea,Kaspar,skaspar7o@networksolutions.com,Male,161.214.30.71
278,Hayyim,Babbs,hbabbs7p@omniture.com,Genderfluid,128.51.108.175
279,Nollie,Chritchlow,nchritchlow7q@mail.ru,Male,18.185.158.161
280,Currie,Gerrels,cgerrels7r@independent.co.uk,Male,149.231.27.193
281,Lincoln,Hartwright,lhartwright7s@gizmodo.com,Male,233.211.188.42
282,Corena,Upcraft,cupcraft7t@seattletimes.com,Female,238.59.49.118
283,Carlita,Pelham,cpelham7u@discovery.com,Female,110.26.235.82
284,Adriano,McGarry,amcgarry7v@youku.com,Male,219.46.150.8
285,Gavin,Howchin,ghowchin7w@bizjournals.com,Male,3.68.232.156
286,Candra,Brighouse,cbrighouse7x@facebook.com,Female,73.135.220.123
287,Gwen,Rechert,grechert7y@123-reg.co.uk,Female,150.199.88.98
288,Nonie,Idwal Evans,nidwalevans7z@zimbio.com,Female,178.139.48.147
289,Buckie,Dod,bdod80@whitehouse.gov,Male,88.146.66.81
290,Ichabod,Yackiminie,iyackiminie81@vinaora.com,Male,229.198.114.62
291,Berty,Gration,bgration82@marketwatch.com,Male,243.73.182.32
292,Pepe,Astle,pastle83@com.com,Male,244.126.115.2
293,Caitlin,Bussons,cbussons84@pen.io,Female,144.100.136.8
294,Harmonie,Scriviner,hscriviner85@issuu.com,Female,27.213.50.29
295,Robina,Stidston,rstidston86@fc2.com,Female,148.137.202.86
296,Jojo,Rehm,jrehm87@prlog.org,Female,118.89.178.34
297,Timotheus,Livard,tlivard88@fc2.com,Male,244.210.18.43
298,Rosalia,Jest,rjest89@craigslist.org,Female,219.99.120.178
299,Amalia,McBride,amcbride8a@gmpg.org,Female,87.49.64.240
300,Franni,Searl,fsearl8b@freewebs.com,Female,58.6.67.252
301,Herschel,McMickan,hmcmickan8c@surveymonkey.com,Male,225.60.34.34
302,Kearney,Tuckerman,ktuckerman8d@disqus.com,Male,112.132.188.169
303,Stanly,Ollivier,sollivier8e@imdb.com,Male,219.235.133.9
304,Harlie,Eaglestone,heaglestone8f@slashdot.org,Female,141.225.177.134
305,Hobie,Gierardi,hgierardi8g@cbslocal.com,Male,232.232.42.157
306,Harriette,Pidgin,hpidgin8h@comcast.net,Female,192.125.16.13
307,Ernest,Cahill,ecahill8i@si.edu,Male,212.54.207.99
308,Zebulon,Domel,zdomel8j@mysql.com,Male,254.61.72.149
309,Curcio,Hunnisett,chunnisett8k@columbia.edu,Male,180.244.88.41
310,Alane,Dielhenn,adielhenn8l@mit.edu,Female,198.84.13.60
311,Donetta,Weepers,dweepers8m@vistaprint.com,Female,13.96.53.146
312,Gregor,Crepin,gcrepin8n@merriam-webster.com,Male,86.96.5.44
313,Justen,Bowcock,jbowcock8o@mozilla.com,Male,235.229.134.10
314,Roxanna,Prichet,rprichet8p@cyberchimps.com,Female,127.203.49.132
315,Hewet,Fuidge,hfuidge8q@shop-pro.jp,Male,10.210.219.214
316,Aurilia,Warrell,awarrell8r@si.edu,Female,23.67.91.19
317,Marion,Chappell,mchappell8s@chron.com,Male,195.177.46.106
318,Gracia,Linford,glinford8t@wikimedia.org,Female,167.63.39.225
319,Pincus,McCerery,pmccerery8u@miitbeian.gov.cn,Male,190.114.55.126
320,Nikaniki,Sine,nsine8v@geocities.jp,Female,56.214.203.57
321,Thomasine,Thomsen,tthomsen8w@qq.com,Female,83.18.144.43
322,Stacy,Shearmur,sshearmur8x@un.org,Male,64.117.94.146
323,Constance,Benardeau,cbenardeau8y@fotki.com,Female,230.202.240.20
324,Tobias,Alderman,talderman8z@bing.com,Male,199.30.201.17
325,Walsh,Schaumann,wschaumann90@vimeo.com,Male,141.62.167.150
326,Richmond,Thuillier,rthuillier91@hugedomains.com,Male,128.204.6.113
327,Antonin,Forsyth,aforsyth92@phpbb.com,Male,158.247.20.56
328,Adora,Barthot,abarthot93@barnesandnoble.com,Female,91.145.102.247
329,Collette,Dimitrie,cdimitrie94@altervista.org,Female,51.60.106.117
330,Edy,Fishleigh,efishleigh95@google.it,Female,215.76.52.64
331,Worthington,Josephoff,wjosephoff96@blogger.com,Male,235.113.206.131
332,Prentiss,Isacq,pisacq97@dell.com,Male,245.117.9.188
333,Arel,Ralston,aralston98@delicious.com,Agender,99.152.37.78
334,Merrill,Berni,mberni99@mashable.com,Male,4.80.102.18
335,Giffard,Fedorski,gfedorski9a@ted.com,Male,45.13.136.216
336,Blakeley,Flucker,bflucker9b@cargocollective.com,Female,38.25.197.111
337,Johannes,Rubanenko,jrubanenko9c@opensource.org,Male,99.58.154.3
338,Adey,Sawnwy,asawnwy9d@amazon.com,Female,70.7.175.225
339,Portie,Gossage,pgossage9e@csmonitor.com,Male,185.137.242.37
340,Noella,Jendrassik,njendrassik9f@squidoo.com,Female,1.35.215.28
341,Renaud,Hardy,rhardy9g@whitehouse.gov,Male,223.193.141.125
342,Sax,Swannick,sswannick9h@nydailynews.com,Male,176.88.42.24
343,Floyd,Windrass,fwindrass9i@who.int,Male,174.209.233.156
344,Rickie,Haney,rhaney9j@ted.com,Male,231.128.113.204
345,Bab,Argontt,bargontt9k@uol.com.br,Female,198.146.162.254
346,Zola,Neill,zneill9l@netlog.com,Female,118.219.61.242
347,Kally,Ibeson,kibeson9m@cbsnews.com,Female,139.154.254.207
348,Brigitte,Clemes,bclemes9n@yale.edu,Female,56.171.28.171
349,Coop,Bendson,cbendson9o@hexun.com,Male,81.5.113.84
350,Roselle,Howsego,rhowsego9p@fema.gov,Female,86.96.144.22
351,Abbye,Meiner,ameiner9q@ycombinator.com,Female,74.125.4.28
352,Ursola,Belone,ubelone9r@shinystat.com,Female,169.63.88.177
353,Abbe,Boatwright,aboatwright9s@usgs.gov,Female,155.238.53.49
354,Beauregard,Steart,bsteart9t@guardian.co.uk,Male,34.43.223.126
355,Patten,Shearsby,pshearsby9u@un.org,Male,28.57.231.78
356,Ferdy,Withey,fwithey9v@paypal.com,Male,167.3.32.97
357,Hi,Atwell,hatwell9w@ovh.net,Non-binary,17.77.115.246
358,Lalo,Loache,lloache9x@theglobeandmail.com,Male,184.94.85.132
359,Rocky,Scarbarrow,rscarbarrow9y@multiply.com,Male,51.209.229.1
360,Cesaro,Minney,cminney9z@icio.us,Male,133.75.85.123
361,Karalynn,Magenny,kmagennya0@geocities.com,Polygender,137.191.210.206
362,Herschel,Williamson,hwilliamsona1@skyrock.com,Male,183.93.101.142
363,Felice,Toms,ftomsa2@omniture.com,Female,165.247.253.12
364,Elvina,Lerigo,elerigoa3@bloglines.com,Female,76.184.167.100
365,Madelena,Mitchelmore,mmitchelmorea4@ftc.gov,Female,34.148.27.2
366,Larine,Gerdts,lgerdtsa5@msu.edu,Female,86.128.238.185
367,Darya,Porte,dportea6@pen.io,Female,47.106.121.127
368,Erskine,Forsdicke,eforsdickea7@goodreads.com,Male,195.24.114.53
369,Edee,Baldree,ebaldreea8@elpais.com,Female,244.159.84.120
370,Mac,Potkins,mpotkinsa9@slate.com,Male,239.148.245.149
371,Anthea,Warratt,awarrattaa@ox.ac.uk,Female,42.55.100.86
372,Finlay,Bordone,fbordoneab@flickr.com,Male,209.36.136.175
373,Eddy,Attwool,eattwoolac@shutterfly.com,Male,168.195.28.62
374,Panchito,Roder,proderad@nbcnews.com,Male,68.34.254.30
375,Tani,Gelderd,tgelderdae@unc.edu,Female,113.226.22.252
376,Enrique,Malpass,emalpassaf@clickbank.net,Male,135.4.225.190
377,Monroe,Mathe,mmatheag@twitter.com,Male,135.19.244.9
378,Ransom,Gaddesby,rgaddesbyah@epa.gov,Male,18.47.9.98
379,Cortney,Magauran,cmagauranai@multiply.com,Genderqueer,218.201.242.139
380,Jeri,Hadwen,jhadwenaj@bbc.co.uk,Female,216.43.204.154
381,Rochette,Priddis,rpriddisak@sbwire.com,Female,182.194.114.67
382,Winnie,Farnaby,wfarnabyal@cnet.com,Male,211.160.113.16
383,Angelina,Rigolle,arigolleam@qq.com,Agender,23.200.35.170
384,Thornton,Woodard,twoodardan@bizjournals.com,Male,234.97.45.81
385,Willis,O'Criane,wocrianeao@free.fr,Male,200.85.164.120
386,Yettie,Sandilands,ysandilandsap@pcworld.com,Female,201.192.37.232
387,Aubert,St Louis,astlouisaq@harvard.edu,Male,170.247.97.118
388,Luis,Burtonshaw,lburtonshawar@cmu.edu,Male,138.218.0.200
389,Dita,Duthy,dduthyas@howstuffworks.com,Female,230.36.207.144
390,Ashlan,Ector,aectorat@intel.com,Female,22.126.212.248
391,Malinde,Grassick,mgrassickau@plala.or.jp,Female,151.213.9.145
392,Joella,English,jenglishav@google.com.au,Female,242.192.197.12
393,Bonita,McGinnis,bmcginnisaw@prnewswire.com,Female,51.242.78.228
394,Karissa,Whaites,kwhaitesax@cisco.com,Female,161.100.54.180
395,Miguel,Fullom,mfullomay@dyndns.org,Male,232.19.3.111
396,Kahlil,Desantis,kdesantisaz@posterous.com,Male,50.248.48.102
397,Venus,Winterborne,vwinterborneb0@slate.com,Female,51.12.117.51
398,Nellie,Lamkin,nlamkinb1@histats.com,Female,206.20.143.161
399,Farand,Willows,fwillowsb2@diigo.com,Female,46.29.115.93
400,Osmond,Robley,orobleyb3@jalbum.net,Male,240.51.72.66
401,Zechariah,Hiers,zhiersb4@bravesites.com,Male,108.235.240.251
402,Franzen,Grastye,fgrastyeb5@mapy.cz,Agender,199.33.73.160
403,Archambault,Petren,apetrenb6@ftc.gov,Male,26.7.1.198
404,Winn,Senten,wsentenb7@slashdot.org,Male,90.58.119.138
405,Valene,Oswell,voswellb8@creativecommons.org,Female,214.134.250.167
406,Roz,Fugere,rfugereb9@un.org,Female,100.23.159.53
407,Seth,Greenly,sgreenlyba@umn.edu,Male,247.154.51.227
408,Catriona,Linham,clinhambb@wp.com,Female,246.213.204.56
409,Rodd,Seedhouse,rseedhousebc@sciencedirect.com,Male,183.149.107.44
410,Judas,Brockest,jbrockestbd@nytimes.com,Male,146.192.49.14
411,Philbert,Woloschinski,pwoloschinskibe@hp.com,Male,8.132.157.13
412,Rutger,Schlagman,rschlagmanbf@opensource.org,Male,228.23.198.152
413,Marleah,McGarrity,mmcgarritybg@scribd.com,Female,158.179.39.101
414,Salem,Frear,sfrearbh@homestead.com,Male,215.2.219.70
415,Charisse,Carillo,ccarillobi@wix.com,Female,19.27.95.7
416,Querida,Schroter,qschroterbj@networkadvertising.org,Female,212.0.135.217
417,Ingar,Bearham,ibearhambk@ehow.com,Agender,243.136.116.79
418,Bette,Davage,bdavagebl@thetimes.co.uk,Female,8.134.58.241
419,Erminie,Whitticks,ewhitticksbm@uiuc.edu,Female,72.213.165.43
420,Fidela,Rhodus,frhodusbn@bravesites.com,Female,16.152.189.3
421,Lorena,Tincknell,ltincknellbo@behance.net,Agender,8.250.128.43
422,Nonna,Fike,nfikebp@un.org,Female,88.23.154.58
423,Aura,Crookshanks,acrookshanksbq@smh.com.au,Genderqueer,239.16.113.141
424,Aldous,Conisbee,aconisbeebr@freewebs.com,Male,51.207.237.101
425,Torr,Beebis,tbeebisbs@lulu.com,Male,68.41.92.139
426,Chrotoem,Matschoss,cmatschossbt@studiopress.com,Male,134.91.98.183
427,Alie,Naismith,anaismithbu@mysql.com,Female,247.217.199.178
428,Cherilyn,Bramelt,cbrameltbv@paypal.com,Female,50.105.43.78
429,Cinderella,Schott,cschottbw@pbs.org,Female,203.245.53.134
430,Beau,Precious,bpreciousbx@upenn.edu,Male,255.24.238.51
431,Moise,Piser,mpiserby@ihg.com,Non-binary,42.194.42.245
432,Wilow,Vedekhov,wvedekhovbz@instagram.com,Female,200.163.53.111
433,Gloria,Ratley,gratleyc0@economist.com,Female,96.171.60.98
434,Conrad,Rutter,crutterc1@wordpress.com,Male,74.134.213.70
435,Nert,Leppington,nleppingtonc2@macromedia.com,Female,1.42.7.174
436,Dewain,Penson,dpensonc3@census.gov,Male,47.22.0.197
437,Agnella,Longrigg,alongriggc4@yolasite.com,Genderqueer,74.242.13.118
438,Ingeberg,Leetham,ileethamc5@acquirethisname.com,Female,168.76.115.169
439,Davide,Wrigglesworth,dwrigglesworthc6@i2i.jp,Male,117.48.78.104
440,Rowney,Preskett,rpreskettc7@lycos.com,Male,190.131.118.65
441,Harley,Hugli,hhuglic8@youtube.com,Male,85.215.79.103
442,Clemmy,Summerley,csummerleyc9@friendfeed.com,Female,188.155.181.18
443,Marcie,McLemon,mmclemonca@fastcompany.com,Female,47.20.28.98
444,Josy,De Cristoforo,jdecristoforocb@deliciousdays.com,Genderfluid,228.205.147.165
445,Dorie,McCaughey,dmccaugheycc@ibm.com,Male,156.153.164.158
446,Laryssa,Kenson,lkensoncd@whitehouse.gov,Female,27.130.179.202
447,Ulysses,Callis,ucallisce@naver.com,Male,225.2.66.253
448,Benoite,Gallichan,bgallichancf@pbs.org,Female,48.252.195.86
449,Paton,Carneck,pcarneckcg@dell.com,Non-binary,233.2.1.59
450,Vinni,Grayston,vgraystonch@usda.gov,Female,254.204.130.101
451,Vail,Pickervance,vpickervanceci@usnews.com,Male,56.250.10.58
452,Emmalynn,Postance,epostancecj@google.com.br,Female,56.111.68.87
453,Frannie,Gaddas,fgaddasck@google.pl,Male,121.227.58.202
454,Lanie,Paullin,lpaullincl@gnu.org,Male,219.92.173.238
455,Phillip,Syalvester,psyalvestercm@goo.ne.jp,Male,132.159.130.10
456,Tina,Girardey,tgirardeycn@g.co,Female,180.246.140.224
457,Zachary,Stutte,zstutteco@yahoo.com,Male,55.58.22.91
458,Stacia,Taylour,staylourcp@shinystat.com,Female,60.246.68.62
459,Nero,Hammand,nhammandcq@bloomberg.com,Male,0.22.67.237
460,Ibrahim,Edwards,iedwardscr@census.gov,Male,144.39.42.237
461,Stanislas,Plant,splantcs@usa.gov,Male,163.105.11.3
462,Randy,Syseland,rsyselandct@wordpress.com,Male,44.125.236.88
463,Noel,Emilien,nemiliencu@printfriendly.com,Female,153.81.68.69
464,Monti,Meigh,mmeighcv@foxnews.com,Male,179.143.54.178
465,Gregg,Drury,gdrurycw@symantec.com,Male,188.105.78.212
466,Lorant,Moffat,lmoffatcx@rambler.ru,Male,192.74.223.43
467,Euphemia,Selcraig,eselcraigcy@icio.us,Polygender,83.73.127.16
468,Jule,Fearenside,jfearensidecz@google.ca,Agender,32.188.3.94
469,Massimo,Hestrop,mhestropd0@goo.gl,Male,29.97.159.176
470,Davidson,Theaker,dtheakerd1@skype.com,Genderfluid,106.194.34.159
471,Natividad,Gomby,ngombyd2@moonfruit.com,Female,253.184.153.139
472,Quintus,Mechell,qmechelld3@baidu.com,Genderfluid,73.227.131.246
473,Reggie,McGaughey,rmcgaugheyd4@ft.com,Female,171.28.113.120
474,Constantin,Porter,cporterd5@bloglines.com,Male,88.187.123.33
475,Madella,Elsbury,melsburyd6@google.com.au,Female,108.240.37.232
476,Dominic,Jeffcoat,djeffcoatd7@acquirethisname.com,Male,243.166.145.70
477,Easter,Starsmeare,estarsmeared8@hibu.com,Female,129.254.9.139
478,Sholom,Stert,sstertd9@usgs.gov,Male,44.146.33.225
479,Mikkel,Clayhill,mclayhillda@independent.co.uk,Male,239.205.249.5
480,Hedvige,Scalia,hscaliadb@reuters.com,Female,95.17.85.55
481,Helaine,Tyreman,htyremandc@opera.com,Female,114.83.240.212
482,Dasi,Lindenbaum,dlindenbaumdd@opera.com,Female,92.161.143.88
483,Nadya,Stabler,nstablerde@yahoo.com,Genderfluid,232.213.112.39
484,Dareen,Claessens,dclaessensdf@cnn.com,Female,134.239.247.111
485,Cello,Beringer,cberingerdg@youku.com,Male,116.5.23.75
486,Alexa,Gowanlock,agowanlockdh@google.com.br,Female,226.177.78.163
487,Lazare,Radki,lradkidi@google.com,Male,25.137.227.99
488,Tito,Gallant,tgallantdj@shutterfly.com,Male,129.49.212.86
489,Viki,Corbridge,vcorbridgedk@umich.edu,Female,249.19.143.123
490,Marlee,Monckman,mmonckmandl@examiner.com,Female,146.225.31.148
491,Agace,McAlindon,amcalindondm@istockphoto.com,Female,110.47.255.117
492,Goddart,Bampkin,gbampkindn@usnews.com,Male,206.253.61.242
493,Staford,Rosell,sroselldo@indiegogo.com,Male,1.170.124.190
494,Ivy,Bebis,ibebisdp@bloglovin.com,Female,20.235.166.109
495,Zachariah,Strase,zstrasedq@kickstarter.com,Male,85.27.44.90
496,Gail,Zwicker,gzwickerdr@marriott.com,Female,58.240.196.245
497,Melamie,Gunningham,mgunninghamds@oaic.gov.au,Female,49.221.98.50
498,Ofella,De Dantesie,odedantesiedt@usnews.com,Female,141.179.248.186
499,Randolph,Miettinen,rmiettinendu@people.com.cn,Male,68.48.66.152
500,Yardley,Parfitt,yparfittdv@newyorker.com,Male,169.132.91.105
501,Randolph,Bloore,rblooredw@vkontakte.ru,Male,171.62.28.69
502,Archibold,Rosenau,arosenaudx@tripod.com,Male,75.215.7.84
503,Clint,Carder,ccarderdy@icq.com,Male,206.238.130.139
504,Meg,Kimmitt,mkimmittdz@hao123.com,Female,135.44.139.151
505,Missy,Daldan,mdaldane0@dion.ne.jp,Genderfluid,72.123.27.91
506,Hermon,Tarney,htarneye1@reference.com,Male,251.135.70.57
507,Nathan,Van Giffen,nvangiffene2@icio.us,Male,20.214.177.199
508,Karil,Kemster,kkemstere3@ibm.com,Female,108.150.228.90
509,Thalia,Decourt,tdecourte4@ameblo.jp,Female,145.92.130.253
510,Penni,McInally,pmcinallye5@indiegogo.com,Female,132.65.90.174
511,Mahmud,O'Cooney,mocooneye6@about.com,Male,83.129.251.235
512,Maryanna,Guidoni,mguidonie7@mapquest.com,Female,28.69.255.93
513,Ogdan,Joincey,ojoinceye8@apple.com,Male,28.136.180.144
514,Drucill,Clibbery,dclibberye9@bbb.org,Female,144.217.17.28
515,Buddy,McKag,bmckagea@wikia.com,Male,224.246.166.60
516,Chandler,Malpass,cmalpasseb@comcast.net,Male,183.24.158.137
517,Rozanna,Northrop,rnorthropec@sohu.com,Female,46.92.108.178
518,Katha,Eastwood,keastwooded@si.edu,Female,197.168.136.92
519,Jaclin,Gollop,jgollopee@histats.com,Female,138.154.100.21
520,Eugenia,Tenny,etennyef@livejournal.com,Female,171.63.206.216
521,Mikey,Braunds,mbraundseg@wisc.edu,Male,73.238.98.18
522,Sofia,Marcam,smarcameh@163.com,Female,48.108.14.188
523,Kristin,Dahlberg,kdahlbergei@sogou.com,Female,77.76.69.66
524,Lenna,O'Towey,lotoweyej@columbia.edu,Female,50.199.187.142
525,Mahmoud,Ulyat,mulyatek@bing.com,Male,192.20.4.244
526,Harman,Purveys,hpurveysel@dailymail.co.uk,Male,247.99.77.122
527,Lesley,Szwarc,lszwarcem@usgs.gov,Female,211.54.24.155
528,Lisa,Ferreira,lferreiraen@yandex.ru,Genderqueer,137.29.220.19
529,Rem,Cawson,rcawsoneo@mail.ru,Male,233.128.117.138
530,Sander,Calyton,scalytonep@wp.com,Male,123.198.255.234
531,Chicky,Stockau,cstockaueq@mlb.com,Male,17.117.43.86
532,Hynda,Barme,hbarmeer@mayoclinic.com,Female,148.19.162.59
533,Arnuad,Kennham,akennhames@wix.com,Male,168.225.105.250
534,Goldarina,McMackin,gmcmackinet@discuz.net,Female,220.129.139.245
535,Tito,Spottswood,tspottswoodeu@intel.com,Male,202.108.132.54
536,Alethea,Prentice,aprenticeev@moonfruit.com,Female,97.11.87.102
537,Ario,Mealing,amealingew@scientificamerican.com,Male,215.122.75.88
538,Keary,Palke,kpalkeex@wufoo.com,Male,50.57.7.76
539,Lindy,Smallbone,lsmallboneey@nationalgeographic.com,Female,162.104.250.151
540,Sayer,Holdforth,sholdforthez@angelfire.com,Male,56.58.118.159
541,Corrie,Prose,cprosef0@cbc.ca,Male,74.112.230.72
542,Shane,Scarsbrick,sscarsbrickf1@com.com,Female,193.111.218.182
543,Oren,Phlippsen,ophlippsenf2@deviantart.com,Male,204.61.174.175
544,Gardner,Jackman,gjackmanf3@123-reg.co.uk,Male,177.47.44.126
545,Gerry,Hunnam,ghunnamf4@bravesites.com,Female,153.123.17.6
546,Alikee,Tesseyman,atesseymanf5@hp.com,Genderfluid,89.88.234.195
547,Putnam,Lewer,plewerf6@fastcompany.com,Agender,145.114.193.238
548,Adina,Kerton,akertonf7@artisteer.com,Female,29.247.143.169
549,Quintus,Southam,qsouthamf8@sohu.com,Male,173.21.25.41
550,Jaynell,Nouch,jnouchf9@yellowbook.com,Female,41.1.117.110
551,Desi,Overshott,dovershottfa@craigslist.org,Male,246.71.7.144
552,Abagail,Puttnam,aputtnamfb@unblog.fr,Female,83.61.54.177
553,Lisette,Bartels,lbartelsfc@marriott.com,Female,61.124.120.63
554,Fredrika,Prichet,fprichetfd@ezinearticles.com,Female,152.72.125.168
555,Evin,Cogar,ecogarfe@bbc.co.uk,Male,199.238.146.152
556,Gunilla,Hawthorne,ghawthorneff@netvibes.com,Female,66.144.49.195
557,Davida,Birtwistle,dbirtwistlefg@example.com,Female,228.42.90.232
558,Sinclair,Giblin,sgiblinfh@comcast.net,Male,187.35.187.188
559,Jo,Stilgoe,jstilgoefi@hhs.gov,Male,190.50.42.203
560,Mercy,Strutley,mstrutleyfj@youtu.be,Female,111.61.70.139
561,Hobie,Ilyasov,hilyasovfk@smugmug.com,Male,179.178.50.229
562,Auria,Dreher,adreherfl@jugem.jp,Female,160.56.143.116
563,Giraldo,Clatworthy,gclatworthyfm@artisteer.com,Bigender,145.32.105.18
564,Harrison,Adolphine,hadolphinefn@so-net.ne.jp,Male,65.3.5.247
565,Linnell,Gimblet,lgimbletfo@plala.or.jp,Female,249.245.93.114
566,Augustine,Ruscoe,aruscoefp@dailymotion.com,Female,152.181.186.76
567,Lukas,Butters,lbuttersfq@yolasite.com,Male,110.144.3.92
568,Jethro,Dornan,jdornanfr@yellowpages.com,Polygender,193.20.153.225
569,Pauletta,Slocumb,pslocumbfs@xrea.com,Female,93.232.61.232
570,Larissa,De Angelis,ldeangelisft@freewebs.com,Female,244.9.173.16
571,Yorgos,Gley,ygleyfu@tmall.com,Male,48.65.51.8
572,Dex,Barlie,dbarliefv@businessweek.com,Agender,151.156.47.190
573,Charin,Combes,ccombesfw@posterous.com,Female,192.11.62.134
574,Annalee,Hazleton,ahazletonfx@psu.edu,Female,5.240.119.108
575,Cherrita,Dornin,cdorninfy@people.com.cn,Female,213.103.128.19
576,Evey,Lindenman,elindenmanfz@addthis.com,Female,138.141.165.170
577,Spike,Dalgarnocht,sdalgarnochtg0@reuters.com,Male,124.115.161.102
578,Cal,Geard,cgeardg1@bbc.co.uk,Male,111.80.113.111
579,Hamil,Stockin,hstocking2@addthis.com,Male,255.3.4.237
580,Tod,Barthel,tbarthelg3@house.gov,Male,234.151.158.122
581,Eachelle,Mulcock,emulcockg4@google.nl,Polygender,240.93.235.53
582,Blondell,Mooney,bmooneyg5@weebly.com,Female,153.87.68.172
583,Evania,Gauntley,egauntleyg6@miibeian.gov.cn,Female,178.199.223.224
584,Lucilia,Melody,lmelodyg7@redcross.org,Female,159.102.168.53
585,Heindrick,Tupper,htupperg8@wisc.edu,Male,156.128.72.94
586,Abbott,Lodevick,alodevickg9@washingtonpost.com,Male,192.35.224.87
587,Angelia,Oneill,aoneillga@dropbox.com,Female,151.11.255.105
588,Babb,Greatorex,bgreatorexgb@phpbb.com,Female,156.179.89.172
589,Perkin,Van Halen,pvanhalengc@devhub.com,Male,66.34.193.129
590,Arda,Baxstar,abaxstargd@engadget.com,Female,129.124.37.220
591,Onida,Hollyard,ohollyardge@census.gov,Female,2.220.9.193
592,Carlota,Larver,clarvergf@dailymail.co.uk,Female,3.3.108.107
593,Siegfried,Joll,sjollgg@alexa.com,Male,206.168.87.220
594,Letitia,Parkinson,lparkinsongh@etsy.com,Female,184.198.31.205
595,Rudyard,Bryan,rbryangi@etsy.com,Male,140.111.82.254
596,Bank,Beastall,bbeastallgj@answers.com,Male,195.240.33.23
597,Inger,Merdew,imerdewgk@redcross.org,Male,242.226.149.222
598,Quillan,Goodyer,qgoodyergl@engadget.com,Male,80.2.198.69
599,Catina,Reford,crefordgm@google.de,Female,12.245.113.182
600,Lance,Bunning,lbunninggn@bloglines.com,Male,95.116.28.102
601,Philbert,Walbridge,pwalbridgego@illinois.edu,Male,167.36.219.118
602,Teresina,Freer,tfreergp@etsy.com,Female,148.251.222.147
603,Barnett,Channon,bchannongq@yellowbook.com,Male,31.68.119.4
604,Charla,Adamoli,cadamoligr@google.nl,Female,138.102.71.83
605,Edie,Bruyett,ebruyettgs@over-blog.com,Female,166.176.231.167
606,Jeffry,Del Castello,jdelcastellogt@furl.net,Male,205.46.75.152
607,Lucas,Inchbald,linchbaldgu@cisco.com,Male,77.75.83.117
608,Nomi,Landeg,nlandeggv@prnewswire.com,Female,101.172.213.67
609,Arnuad,Wakes,awakesgw@phoca.cz,Male,201.7.21.53
610,Lionel,Levin,llevingx@ibm.com,Male,138.39.208.132
611,Cozmo,Whawell,cwhawellgy@twitter.com,Male,186.142.208.229
612,Vincenty,Goggan,vgoggangz@weather.com,Male,151.220.150.12
613,Darbee,Vidloc,dvidloch0@hexun.com,Male,73.61.61.33
614,Emmalee,Attaway,eattawayh1@un.org,Female,197.202.66.107
615,Armstrong,Goodridge,agoodridgeh2@cdbaby.com,Male,74.185.57.116
616,Kaylil,Boyde,kboydeh3@va.gov,Female,135.156.98.167
617,Noe,Leneve,nleneveh4@redcross.org,Male,75.163.165.141
618,Sigismond,Beades,sbeadesh5@vinaora.com,Male,254.90.208.92
619,Hilde,Jardine,hjardineh6@slideshare.net,Female,56.97.154.202
620,Meryl,Gwilliam,mgwilliamh7@networkadvertising.org,Female,66.109.249.112
621,Red,Huxley,rhuxleyh8@intel.com,Male,54.235.168.29
622,Dotti,Byatt,dbyatth9@apache.org,Female,64.34.153.167
623,Aldon,Ayers,aayersha@msu.edu,Male,22.30.213.110
624,Jeffrey,Jerdan,jjerdanhb@livejournal.com,Male,189.44.251.60
625,Bengt,Weich,bweichhc@yolasite.com,Male,76.122.197.85
626,Alaine,Ruckhard,aruckhardhd@state.tx.us,Female,241.182.13.228
627,Murry,Gierke,mgierkehe@cocolog-nifty.com,Non-binary,238.243.154.81
628,Ephrem,Guarnier,eguarnierhf@tamu.edu,Male,48.52.238.10
629,Paxon,Stollery,pstolleryhg@sohu.com,Male,10.241.185.170
630,Chancey,Lerer,clererhh@dedecms.com,Male,132.55.154.42
631,Gorden,Frane,gfranehi@latimes.com,Male,163.26.156.26
632,Penn,Pietrzyk,ppietrzykhj@plala.or.jp,Male,85.181.139.88
633,Hurley,Collen,hcollenhk@ebay.com,Non-binary,213.151.207.50
634,Xerxes,Ladbrook,xladbrookhl@soup.io,Genderqueer,174.238.9.105
635,Lucho,Inott,linotthm@e-recht24.de,Male,201.193.83.128
636,Fee,Hallybone,fhallybonehn@amazon.co.jp,Male,134.183.53.27
637,Emilee,Witherup,ewitherupho@independent.co.uk,Female,176.93.51.108
638,Carolina,Brunskill,cbrunskillhp@github.io,Female,9.64.121.55
639,Cassie,Tanswill,ctanswillhq@feedburner.com,Female,26.36.32.222
640,Ulrika,Burberye,uburberyehr@gov.uk,Non-binary,14.240.188.146
641,Glenna,Brockie,gbrockiehs@alibaba.com,Female,184.117.31.135
642,Ruddy,Duddin,rduddinht@alibaba.com,Male,155.136.250.184
643,Ilsa,Rablan,irablanhu@gravatar.com,Female,105.194.56.242
644,Brooke,Sugg,bsugghv@jiathis.com,Female,174.56.249.122
645,Gerard,Narey,gnareyhw@cbc.ca,Male,103.100.144.74
646,Nona,McKeurton,nmckeurtonhx@nature.com,Female,136.11.228.8
647,Pietra,Totton,ptottonhy@washington.edu,Genderfluid,110.76.83.52
648,Meyer,Brettle,mbrettlehz@wikipedia.org,Male,106.133.32.200
649,Xerxes,Carrington,xcarringtoni0@amazon.de,Male,19.31.249.152
650,Fergus,Barnewell,fbarnewelli1@bbb.org,Male,7.141.1.133
651,Bartram,Jedrasik,bjedrasiki2@ocn.ne.jp,Male,36.233.193.243
652,Luke,Wintringham,lwintringhami3@wired.com,Male,253.212.45.146
653,Joel,Easeman,jeasemani4@smugmug.com,Male,238.129.124.232
654,Lyndsay,Jee,ljeei5@elpais.com,Female,189.225.214.12
655,Rivi,Trewhela,rtrewhelai6@usatoday.com,Female,174.238.219.245
656,Nanny,MacRory,nmacroryi7@cam.ac.uk,Female,178.44.120.105
657,Alexi,Balffye,abalffyei8@amazon.co.uk,Female,217.47.1.194
658,Allistir,Woolmington,awoolmingtoni9@nymag.com,Male,189.102.24.187
659,Kingsly,Pury,kpuryia@nbcnews.com,Male,235.223.158.199
660,Guilbert,Codron,gcodronib@addthis.com,Male,186.10.26.188
661,Rodger,Lindgren,rlindgrenic@noaa.gov,Male,196.16.193.63
662,Dulcie,Call,dcallid@taobao.com,Female,178.130.212.53
663,Melly,Mylechreest,mmylechreestie@howstuffworks.com,Female,57.252.216.123
664,Jammal,Lackney,jlackneyif@wsj.com,Male,201.215.122.45
665,Delainey,Farrance,dfarranceig@harvard.edu,Male,122.63.38.197
666,Percy,Bucknill,pbucknillih@php.net,Male,217.237.73.212
667,Trix,Mugglestone,tmugglestoneii@elpais.com,Genderqueer,3.12.108.114
668,Paulo,Randell,prandellij@jalbum.net,Male,161.138.70.88
669,Charmaine,Ducastel,cducastelik@jimdo.com,Female,94.0.52.64
670,Grazia,Bunney,gbunneyil@abc.net.au,Female,223.30.166.211
671,Finlay,Foffano,ffoffanoim@weibo.com,Male,238.53.211.205
672,Britney,Vlasov,bvlasovin@pagesperso-orange.fr,Female,70.71.228.26
673,Pepita,Duchenne,pduchenneio@unblog.fr,Female,21.157.82.61
674,Crichton,Cesconi,ccesconiip@4shared.com,Male,93.225.28.95
675,Trev,Hardistry,thardistryiq@gnu.org,Male,24.69.184.91
676,Selene,de Mendoza,sdemendozair@diigo.com,Female,41.178.19.93
677,Karly,McKinn,kmckinnis@zimbio.com,Female,219.94.204.187
678,Blakelee,Hanselmann,bhanselmannit@purevolume.com,Female,3.63.112.218
679,Gib,Humburton,ghumburtoniu@kickstarter.com,Male,31.99.251.27
680,Elmore,Sporrij,esporrijiv@hostgator.com,Male,179.159.228.163
681,Skylar,Airy,sairyiw@nasa.gov,Male,95.81.40.46
682,Stillman,Kilfoyle,skilfoyleix@slideshare.net,Male,115.88.228.155
683,Lori,Owers,lowersiy@washingtonpost.com,Female,13.210.166.38
684,Milena,Englishby,menglishbyiz@e-recht24.de,Female,246.101.217.151
685,Maggee,McGrill,mmcgrillj0@elpais.com,Female,77.237.38.95
686,Davie,Boland,dbolandj1@hexun.com,Male,75.38.197.99
687,Felic,Crossan,fcrossanj2@wix.com,Male,58.151.231.37
688,Grace,Napper,gnapperj3@hc360.com,Male,91.24.240.52
689,Dexter,Bastable,dbastablej4@mashable.com,Male,114.62.44.193
690,Herbert,MacKay,hmackayj5@dagondesign.com,Male,56.16.18.4
691,Heath,Sewley,hsewleyj6@nydailynews.com,Female,17.40.227.244
692,Jessie,Clibbery,jclibberyj7@surveymonkey.com,Male,44.199.238.243
693,Benedicto,Wankel,bwankelj8@bizjournals.com,Male,121.100.220.67
694,Brigida,Garci,bgarcij9@businessinsider.com,Female,46.219.127.177
695,Rosco,Caygill,rcaygillja@usnews.com,Polygender,80.4.29.78
696,Billi,Hafner,bhafnerjb@unesco.org,Female,132.6.7.189
697,Uri,Hawkswood,uhawkswoodjc@technorati.com,Male,33.128.137.69
698,Axel,Greathead,agreatheadjd@upenn.edu,Male,253.229.22.115
699,Hillary,Mottinelli,hmottinellije@reuters.com,Male,91.103.99.19
700,Chrysa,Andreu,candreujf@blinklist.com,Female,236.246.250.45
701,Cyrill,Gascoyne,cgascoynejg@mail.ru,Genderqueer,250.207.80.164
702,Elihu,Goggan,egogganjh@posterous.com,Male,60.28.85.124
703,Philippa,Rawlins,prawlinsji@vinaora.com,Non-binary,37.51.204.213
704,Xavier,Fownes,xfownesjj@soup.io,Male,77.114.71.11
705,Zelma,Scurrell,zscurrelljk@typepad.com,Female,139.109.248.197
706,Isidore,Cresser,icresserjl@timesonline.co.uk,Male,33.216.246.251
707,Hymie,Semmens,hsemmensjm@gravatar.com,Male,114.18.183.161
708,Malina,McKleod,mmckleodjn@home.pl,Female,46.201.4.200
709,Neila,Wyness,nwynessjo@ca.gov,Female,55.50.138.98
710,Dacia,Hannigane,dhanniganejp@php.net,Female,148.175.197.18
711,Donalt,Bea,dbeajq@indiatimes.com,Polygender,85.191.210.179
712,Arda,Cordery,acorderyjr@squidoo.com,Female,112.20.52.231
713,Saundra,Guess,sguessjs@craigslist.org,Male,141.143.216.131
714,Kingston,Bome,kbomejt@rambler.ru,Male,62.71.152.93
715,Humfrey,Clout,hcloutju@goo.ne.jp,Male,12.94.70.18
716,Lonee,Spancock,lspancockjv@mail.ru,Female,119.87.12.202
717,Verina,Oneill,voneilljw@vk.com,Female,85.117.192.7
718,Christin,Benbrick,cbenbrickjx@cafepress.com,Female,217.205.238.172
719,Lemmy,Rosenwald,lrosenwaldjy@sourceforge.net,Male,9.50.138.65
720,Francesco,Pawfoot,fpawfootjz@liveinternet.ru,Male,62.5.91.27
721,Gunter,Farfull,gfarfullk0@blogs.com,Male,23.46.226.194
722,Lyle,Rosentholer,lrosentholerk1@theguardian.com,Male,81.128.243.187
723,Flin,Leasor,fleasork2@soup.io,Male,179.212.222.110
724,Eldredge,Mollatt,emollattk3@qq.com,Male,158.225.6.137
725,Kassandra,de Banke,kdebankek4@ehow.com,Female,89.183.179.56
726,Skipton,Krink,skrinkk5@oaic.gov.au,Male,177.190.73.212
727,Otes,Ivkovic,oivkovick6@bravesites.com,Male,20.136.6.132
728,Rosemary,Barratt,rbarrattk7@microsoft.com,Genderfluid,80.172.28.163
729,Sondra,Galland,sgallandk8@is.gd,Female,67.140.133.249
730,Casie,Weedall,cweedallk9@networksolutions.com,Female,86.143.14.90
731,Wallie,Skym,wskymka@goodreads.com,Female,68.247.66.98
732,Gnni,Stait,gstaitkb@rakuten.co.jp,Female,138.28.14.148
733,Garey,Biagioni,gbiagionikc@creativecommons.org,Male,163.151.25.252
734,Cordie,Vial,cvialkd@tinypic.com,Male,200.33.218.224
735,Jania,Whytock,jwhytockke@youtube.com,Female,31.199.98.14
736,Collete,Giovannardi,cgiovannardikf@disqus.com,Female,123.248.204.154
737,Eleanore,Quarlis,equarliskg@tiny.cc,Female,229.37.141.5
738,Cate,Carnall,ccarnallkh@myspace.com,Female,126.189.80.243
739,Ambrose,Trimming,atrimmingki@ucla.edu,Male,82.41.70.112
740,Norrie,Ferrick,nferrickkj@goodreads.com,Female,2.1.247.13
741,Jack,Hansana,jhansanakk@jalbum.net,Male,172.215.226.63
742,Lara,Wadeson,lwadesonkl@sitemeter.com,Female,110.186.77.104
743,Ezequiel,Hackelton,ehackeltonkm@bbc.co.uk,Male,159.176.42.69
744,Prent,Berlin,pberlinkn@nsw.gov.au,Genderqueer,21.109.219.146
745,Merissa,Pettinger,mpettingerko@ustream.tv,Female,129.10.150.230
746,Cody,Pothergill,cpothergillkp@cbc.ca,Male,33.53.58.111
747,Jonathan,Palphramand,jpalphramandkq@google.com.br,Bigender,107.233.250.183
748,Mandel,Tommasuzzi,mtommasuzzikr@icio.us,Male,236.43.81.42
749,Pattie,Rawnsley,prawnsleyks@earthlink.net,Male,30.68.64.80
750,Gregorio,MacLachlan,gmaclachlankt@multiply.com,Male,225.146.239.38
751,Keely,Dwerryhouse,kdwerryhouseku@blogspot.com,Female,91.97.23.115
752,Abrahan,Rubinowitz,arubinowitzkv@linkedin.com,Male,31.29.135.198
753,Aldridge,A'field,aafieldkw@hp.com,Male,140.96.139.79
754,Lynnet,McCambridge,lmccambridgekx@biblegateway.com,Female,101.51.83.144
755,Scot,Dinesen,sdinesenky@flavors.me,Male,24.126.24.82
756,Giffie,Millard,gmillardkz@123-reg.co.uk,Male,191.3.83.6
757,Jaye,Wallman,jwallmanl0@howstuffworks.com,Male,46.205.152.55
758,Gabie,Walesa,gwalesal1@example.com,Female,20.68.37.8
759,Mordecai,Dysart,mdysartl2@jalbum.net,Male,23.90.67.211
760,Terza,Kerrane,tkerranel3@google.cn,Female,229.71.254.44
761,Malanie,Graver,mgraverl4@about.me,Female,53.93.252.132
762,Stan,Ramos,sramosl5@ow.ly,Male,145.98.75.101
763,Boycey,Lages,blagesl6@hexun.com,Genderqueer,158.92.14.222
764,Cammy,Flaxman,cflaxmanl7@gnu.org,Male,182.121.18.36
765,Sayre,Pople,spoplel8@amazon.de,Female,252.72.247.249
766,Vincent,Battisson,vbattissonl9@wikia.com,Male,248.161.148.137
767,Vinita,Moreno,vmorenola@admin.ch,Female,206.175.103.38
768,Kelsi,Regelous,kregelouslb@angelfire.com,Non-binary,43.242.186.187
769,Kelvin,Spanswick,kspanswicklc@purevolume.com,Male,68.57.65.214
770,Evey,Bramich,ebramichld@imdb.com,Female,226.147.142.239
771,Belia,Moyles,bmoylesle@nydailynews.com,Female,41.48.207.17
772,Lexine,Edis,ledislf@ucla.edu,Female,122.80.2.231
773,Iggie,Statersfield,istatersfieldlg@goo.ne.jp,Male,60.60.165.86
774,Davidde,Clewlowe,dclewlowelh@slashdot.org,Male,32.17.117.213
775,Beatrix,Clipson,bclipsonli@google.com.au,Bigender,174.121.178.247
776,Thane,Dreschler,tdreschlerlj@zdnet.com,Male,132.50.101.117
777,Clim,Deverose,cdeveroselk@stumbleupon.com,Male,77.150.235.226
778,Arin,Woolatt,awoolattll@nytimes.com,Male,248.193.245.128
779,Christie,Inman,cinmanlm@china.com.cn,Female,87.164.224.225
780,Valentine,Oglethorpe,voglethorpeln@skype.com,Male,173.207.171.53
781,Annabella,Snellman,asnellmanlo@networkadvertising.org,Female,128.124.90.139
782,Khalil,Puvia,kpuvialp@yolasite.com,Male,218.8.171.147
783,Waldemar,Stegell,wstegelllq@cocolog-nifty.com,Male,160.39.77.97
784,Lilias,Jeaycock,ljeaycocklr@weebly.com,Female,31.201.95.76
785,Aubine,Blumire,ablumirels@microsoft.com,Genderqueer,222.113.135.169
786,Matias,Morling,mmorlinglt@furl.net,Male,157.188.183.143
787,Lynelle,Asgodby,lasgodbylu@oaic.gov.au,Bigender,169.61.98.3
788,Crystie,Suddards,csuddardslv@ocn.ne.jp,Female,123.242.242.215
789,Else,McCullogh,emcculloghlw@wikispaces.com,Female,160.82.96.240
790,Tildy,Skoughman,tskoughmanlx@flavors.me,Genderqueer,27.247.231.6
791,Sidney,Granleese,sgranleesely@fotki.com,Male,50.102.96.182
792,Bartholomeus,Orys,boryslz@miibeian.gov.cn,Male,46.243.232.88
793,Rik,Carillo,rcarillom0@histats.com,Male,65.23.59.0
794,Matt,Guinane,mguinanem1@usgs.gov,Polygender,204.105.119.217
795,Janka,Tudbald,jtudbaldm2@google.it,Female,76.209.250.11
796,Cristian,Chaise,cchaisem3@51.la,Male,83.68.59.50
797,Amalee,Meran,ameranm4@elpais.com,Female,132.108.200.29
798,Melicent,Foakes,mfoakesm5@cpanel.net,Female,224.223.64.75
799,Trixy,Attack,tattackm6@trellian.com,Female,158.56.113.165
800,Bette,Smithen,bsmithenm7@discovery.com,Bigender,17.70.3.196
801,Louella,Belmont,lbelmontm8@networkadvertising.org,Agender,193.166.196.160
802,Rebecca,Brobak,rbrobakm9@elpais.com,Female,112.234.15.251
803,Emelia,MacGauhy,emacgauhyma@thetimes.co.uk,Female,71.180.179.179
804,Zane,Bachs,zbachsmb@tripod.com,Male,10.20.247.84
805,Jerrie,Lejeune,jlejeunemc@state.tx.us,Male,78.6.195.170
806,Fin,Reinert,freinertmd@pen.io,Male,48.76.234.124
807,Lorelle,Connolly,lconnollyme@wikipedia.org,Female,206.98.31.137
808,Aeriel,Synnot,asynnotmf@techcrunch.com,Agender,199.208.130.157
809,Paton,Koba,pkobamg@latimes.com,Genderqueer,59.105.215.107
810,Willie,Hrachovec,whrachovecmh@topsy.com,Male,164.13.193.252
811,Marris,Duffree,mduffreemi@google.pl,Female,202.41.139.12
812,Thom,Bloxsom,tbloxsommj@twitpic.com,Male,128.13.123.138
813,Shelbi,McKibbin,smckibbinmk@zdnet.com,Non-binary,225.179.65.93
814,Robina,Day,rdayml@twitter.com,Female,153.82.254.168
815,Decca,Berkley,dberkleymm@comcast.net,Male,155.207.8.83
816,Aleta,Dresche,adreschemn@godaddy.com,Female,101.14.42.197
817,Kenny,Dibbs,kdibbsmo@stumbleupon.com,Agender,214.23.109.104
818,Ranique,Daley,rdaleymp@bbc.co.uk,Female,129.200.30.228
819,Murray,Blanning,mblanningmq@opera.com,Male,70.189.102.91
820,Rosaline,Turpey,rturpeymr@wisc.edu,Female,254.204.39.184
821,Solly,Garretts,sgarrettsms@cnet.com,Male,94.56.5.230
822,Steve,Cruce,scrucemt@netvibes.com,Male,90.48.221.2
823,Aylmar,Huddart,ahuddartmu@phoca.cz,Male,202.101.221.153
824,Barny,Gammill,bgammillmv@facebook.com,Male,217.197.178.250
825,Ewart,Climson,eclimsonmw@msu.edu,Male,196.0.4.151
826,Melba,Maulin,mmaulinmx@over-blog.com,Female,153.219.178.82
827,Amelina,Balducci,abalduccimy@patch.com,Female,208.125.181.37
828,Alexandr,Wallice,awallicemz@usa.gov,Male,217.71.51.195
829,Alard,Cavill,acavilln0@dagondesign.com,Non-binary,13.75.209.208
830,Nanny,Oldam,noldamn1@google.it,Female,245.194.149.154
831,Cy,Waplington,cwaplingtonn2@youtu.be,Male,105.118.24.171
832,Crista,Cockerill,ccockerilln3@house.gov,Female,220.165.138.197
833,Edgard,Muckeen,emuckeenn4@deviantart.com,Male,56.179.8.42
834,Toni,Pennuzzi,tpennuzzin5@shutterfly.com,Female,249.123.178.17
835,Gaylor,Kittley,gkittleyn6@unicef.org,Male,60.14.60.113
836,Tedman,Addyman,taddymann7@pagesperso-orange.fr,Male,241.200.27.12
837,Dorotea,Travis,dtravisn8@sitemeter.com,Genderfluid,220.28.44.223
838,Garrick,Stutt,gstuttn9@fc2.com,Male,184.192.22.9
839,Debra,Kuhlmey,dkuhlmeyna@admin.ch,Female,101.207.16.27
840,Flo,Kilford,fkilfordnb@oaic.gov.au,Female,140.233.93.47
841,Ximenes,Garahan,xgarahannc@sohu.com,Male,7.245.182.191
842,Hasty,Gosker,hgoskernd@wordpress.org,Male,53.136.140.229
843,Minetta,Bertie,mbertiene@samsung.com,Female,175.247.248.125
844,Buddy,Chubb,bchubbnf@nature.com,Male,75.131.109.174
845,Vassily,MacCart,vmaccartng@disqus.com,Male,129.44.208.66
846,Alameda,Mc Ilwrick,amcilwricknh@cbslocal.com,Female,47.28.169.212
847,Bjorn,Saltsberg,bsaltsbergni@yandex.ru,Male,207.9.225.174
848,Felicia,Purdom,fpurdomnj@hao123.com,Agender,12.235.194.48
849,Martica,Wittering,mwitteringnk@independent.co.uk,Female,204.190.228.85
850,Ollie,Trosdall,otrosdallnl@who.int,Male,227.137.153.36
851,Carolynn,Thredder,cthreddernm@php.net,Female,137.100.130.78
852,Twyla,Favelle,tfavellenn@multiply.com,Female,49.11.212.250
853,Reynold,Bortolutti,rbortoluttino@ehow.com,Agender,51.183.202.158
854,Darleen,Besnardeau,dbesnardeaunp@elpais.com,Bigender,160.20.255.73
855,James,Clutram,jclutramnq@smugmug.com,Male,191.185.162.130
856,Tammie,O'Cannan,tocannannr@pcworld.com,Female,235.11.162.121
857,Lamont,Croan,lcroanns@ustream.tv,Male,6.142.242.212
858,Wiatt,Presho,wpreshont@google.com.hk,Male,186.146.207.197
859,Gabey,Quigley,gquigleynu@umn.edu,Female,40.1.168.142
860,Shina,Gatenby,sgatenbynv@msu.edu,Female,22.188.13.27
861,Delmer,Arington,daringtonnw@washington.edu,Male,133.224.9.62
862,Rey,Farries,rfarriesnx@networksolutions.com,Male,242.149.40.122
863,Jedidiah,Boice,jboiceny@over-blog.com,Male,38.56.31.241
864,Margette,Poulett,mpoulettnz@storify.com,Female,17.170.122.50
865,Alejoa,Scoullar,ascoullaro0@pbs.org,Bigender,50.50.136.30
866,Seumas,Greenham,sgreenhamo1@bbc.co.uk,Male,146.19.178.186
867,Alessandra,Brozek,abrozeko2@github.io,Female,70.173.37.62
868,Iorgos,MacClenan,imacclenano3@economist.com,Male,121.101.215.26
869,Miran,Coopman,mcoopmano4@nsw.gov.au,Female,205.214.147.14
870,Truda,Assaf,tassafo5@skype.com,Female,227.156.234.98
871,Shepherd,Boughen,sbougheno6@dailymail.co.uk,Male,44.37.29.241
872,Llewellyn,Tooth,ltootho7@vimeo.com,Male,205.142.135.103
873,Adrian,Cussins,acussinso8@wordpress.com,Polygender,156.246.88.82
874,Benoite,Spadelli,bspadellio9@adobe.com,Female,82.140.52.255
875,Loleta,Towler,ltowleroa@theatlantic.com,Agender,78.230.185.93
876,Gigi,Penburton,gpenburtonob@un.org,Female,147.114.25.76
877,Sigismund,Budnk,sbudnkoc@jigsy.com,Male,147.84.111.68
878,Kellie,Oldred,koldredod@cisco.com,Polygender,240.168.234.225
879,Andros,Acott,aacottoe@imageshack.us,Male,13.181.78.67
880,Godfry,Loram,gloramof@mit.edu,Male,65.183.155.35
881,Mill,Joseff,mjoseffog@ucla.edu,Male,153.6.162.168
882,Jerrilyn,Mowsdell,jmowsdelloh@clickbank.net,Female,250.5.11.231
883,Bridgette,Durrance,bdurranceoi@plala.or.jp,Female,156.209.101.152
884,Augustus,Moggle,amoggleoj@wufoo.com,Genderqueer,195.62.223.69
885,Shurlock,Buckley,sbuckleyok@de.vu,Bigender,78.92.23.167
886,Demetrius,Ganter,dganterol@moonfruit.com,Male,236.196.24.30
887,Zelda,Lillford,zlillfordom@chronoengine.com,Female,35.7.87.204
888,Hulda,Junkin,hjunkinon@chronoengine.com,Female,75.151.159.161
889,Mart,Nazaret,mnazaretoo@ovh.net,Male,17.54.111.89
890,Catherine,Lightbowne,clightbowneop@sitemeter.com,Female,83.70.165.236
891,Jarvis,Midden,jmiddenoq@wsj.com,Male,254.155.3.7
892,Denis,Broadway,dbroadwayor@washingtonpost.com,Bigender,6.198.104.215
893,Lizzy,Charity,lcharityos@123-reg.co.uk,Female,254.123.134.244
894,Cecilia,Stanyer,cstanyerot@myspace.com,Female,180.224.26.179
895,Felicdad,Joret,fjoretou@live.com,Female,212.134.156.54
896,Penny,Telford,ptelfordov@imageshack.us,Genderqueer,23.77.157.140
897,Barbabas,Janiszewski,bjaniszewskiow@scientificamerican.com,Male,232.71.179.40
898,Wileen,Cattlemull,wcattlemullox@liveinternet.ru,Female,242.28.22.39
899,Desirae,Moyser,dmoyseroy@ox.ac.uk,Female,51.153.246.245
900,Vonny,Matteoni,vmatteonioz@tripod.com,Female,155.169.70.87
901,Fields,Jeannenet,fjeannenetp0@google.nl,Bigender,235.63.154.175
902,Jule,Dimond,jdimondp1@adobe.com,Male,104.234.54.32
903,Kimble,Mathissen,kmathissenp2@163.com,Male,182.29.239.50
904,Gauthier,Shankland,gshanklandp3@cdbaby.com,Male,210.88.149.115
905,Lavina,Depka,ldepkap4@blog.com,Female,57.116.84.79
906,Jobie,Kiezler,jkiezlerp5@goo.gl,Female,116.217.192.155
907,Herold,Hedan,hhedanp6@photobucket.com,Male,175.155.95.214
908,Talbert,Lippatt,tlippattp7@cdbaby.com,Male,33.182.196.233
909,Nadeen,Draper,ndraperp8@businesswire.com,Female,231.243.248.193
910,Ciel,Kempton,ckemptonp9@godaddy.com,Female,125.133.117.202
911,Dawn,Pobjoy,dpobjoypa@moonfruit.com,Female,23.209.56.237
912,Tomas,Travis,ttravispb@webeden.co.uk,Male,30.58.217.206
913,Elsworth,Excell,eexcellpc@skyrock.com,Agender,24.243.243.150
914,Desi,Whanstall,dwhanstallpd@blogspot.com,Male,16.208.170.206
915,Meridel,Adame,madamepe@webeden.co.uk,Female,207.87.48.212
916,Grange,Andreacci,gandreaccipf@last.fm,Male,17.180.108.53
917,Chicky,Melia,cmeliapg@xing.com,Female,185.184.106.254
918,Fayre,Chrichton,fchrichtonph@bbc.co.uk,Female,211.158.12.12
919,Rubin,Snelman,rsnelmanpi@si.edu,Male,147.19.7.254
920,Abigael,Buttrick,abuttrickpj@360.cn,Female,44.122.74.98
921,Jackson,Seares,jsearespk@sourceforge.net,Male,228.75.42.47
922,Michale,Philippson,mphilippsonpl@china.com.cn,Male,9.131.120.221
923,Krystle,Canada,kcanadapm@wikimedia.org,Female,252.247.182.237
924,Drucy,Fear,dfearpn@nps.gov,Agender,71.14.172.50
925,Flynn,Caghy,fcaghypo@photobucket.com,Male,191.8.64.189
926,Norris,Bruckenthal,nbruckenthalpp@meetup.com,Male,251.192.167.172
927,Sauncho,Moncreiff,smoncreiffpq@state.tx.us,Male,148.133.81.206
928,Modestia,Rimell,mrimellpr@arstechnica.com,Female,105.137.145.196
929,Ode,Ouldcott,oouldcottps@yolasite.com,Bigender,57.45.74.207
930,Rad,Firbank,rfirbankpt@nbcnews.com,Male,138.188.5.54
931,Fowler,Rhyme,frhymepu@yolasite.com,Male,34.30.24.175
932,Clarie,Paliser,cpaliserpv@engadget.com,Genderfluid,37.183.96.213
933,Ali,Dicte,adictepw@about.com,Female,80.179.55.229
934,Alfie,Battle,abattlepx@google.de,Male,203.1.127.226
935,Nannette,Coakley,ncoakleypy@google.com.au,Female,164.103.106.209
936,Tandy,Spry,tsprypz@msn.com,Agender,99.33.76.116
937,Rochester,Surcombe,rsurcombeq0@lycos.com,Agender,28.34.173.66
938,Cherlyn,Headey,cheadeyq1@apache.org,Female,10.76.150.158
939,Ode,Hassey,ohasseyq2@engadget.com,Male,50.124.84.91
940,Joe,Kliemchen,jkliemchenq3@xinhuanet.com,Male,159.156.167.176
941,Tammy,Pickaver,tpickaverq4@microsoft.com,Female,173.172.39.62
942,Kippie,Fuente,kfuenteq5@trellian.com,Female,253.175.244.75
943,Olenolin,Medendorp,omedendorpq6@squarespace.com,Male,223.87.115.54
944,Grier,Haffner,ghaffnerq7@washingtonpost.com,Female,3.19.174.46
945,Bron,Veal,bvealq8@newyorker.com,Male,174.103.202.96
946,Byrann,Masding,bmasdingq9@usatoday.com,Male,1.130.148.219
947,Friederike,Dunsford,fdunsfordqa@livejournal.com,Female,179.191.236.174
948,Stephana,Towl,stowlqb@foxnews.com,Female,24.254.51.171
949,Regen,Pandey,rpandeyqc@washington.edu,Male,237.202.78.93
950,Chrystel,Ewenson,cewensonqd@blogtalkradio.com,Female,156.172.212.228
951,Erminia,Demageard,edemageardqe@hhs.gov,Female,71.87.54.246
952,Blakeley,Philipet,bphilipetqf@tumblr.com,Female,92.181.128.115
953,Laina,Sapauton,lsapautonqg@globo.com,Female,115.11.54.6
954,Mychal,Hickinbottom,mhickinbottomqh@typepad.com,Male,189.158.238.84
955,Yancey,Delagua,ydelaguaqi@nasa.gov,Male,29.53.217.69
956,Stafford,Laugheran,slaugheranqj@harvard.edu,Male,136.123.98.120
957,Karlan,Kwietek,kkwietekqk@psu.edu,Male,220.129.69.153
958,Karolina,Menhci,kmenhciql@yale.edu,Female,183.20.241.100
959,Millard,Silverman,msilvermanqm@blogspot.com,Male,90.53.143.98
960,Eden,Johnsee,ejohnseeqn@wikispaces.com,Female,4.131.31.221
961,Quintus,Mushart,qmushartqo@omniture.com,Male,143.33.56.239
962,Lanni,Tutt,ltuttqp@bloglines.com,Female,219.130.190.185
963,Dani,Sprowell,dsprowellqq@go.com,Genderfluid,100.143.157.14
964,Amos,Kyndred,akyndredqr@paypal.com,Male,165.148.32.217
965,Lorri,Lathleiff,llathleiffqs@meetup.com,Female,91.76.176.185
966,Cristiano,Morcomb,cmorcombqt@yahoo.co.jp,Male,98.249.3.228
967,Dael,Lampen,dlampenqu@state.tx.us,Male,215.83.247.183
968,Barbi,Debell,bdebellqv@whitehouse.gov,Female,253.129.245.185
969,Louella,Lichfield,llichfieldqw@hhs.gov,Female,146.69.39.32
970,Neel,MacRitchie,nmacritchieqx@bloglovin.com,Male,30.172.193.71
971,Jordana,Bass,jbassqy@google.co.uk,Female,226.172.116.41
972,Jamil,Fairpo,jfairpoqz@japanpost.jp,Agender,135.113.92.236
973,Lelah,Grote,lgroter0@biglobe.ne.jp,Female,86.70.191.121
974,Mischa,Leechman,mleechmanr1@businesswire.com,Male,6.235.193.128
975,Sherm,Goldfinch,sgoldfinchr2@miibeian.gov.cn,Male,141.227.241.84
976,Thia,Pinchback,tpinchbackr3@ustream.tv,Female,233.183.74.1
977,Lucia,Primo,lprimor4@t-online.de,Female,12.59.216.184
978,Cherin,Chicotti,cchicottir5@technorati.com,Agender,21.70.225.244
979,Blinni,Attarge,battarger6@rediff.com,Female,213.48.41.249
980,Dominique,Silliman,dsillimanr7@miitbeian.gov.cn,Male,34.129.171.197
981,Gabie,Oolahan,goolahanr8@house.gov,Male,75.189.40.206
982,Neel,Goodbanne,ngoodbanner9@google.nl,Male,32.155.26.223
983,Nike,Coxhell,ncoxhellra@ehow.com,Female,40.85.155.131
984,Emmanuel,Walaron,ewalaronrb@drupal.org,Male,145.94.3.71
985,Geraldine,Turnor,gturnorrc@sakura.ne.jp,Female,207.12.254.212
986,Charlton,Philpault,cphilpaultrd@cmu.edu,Male,24.5.206.89
987,Birgitta,Nawton,bnawtonre@cocolog-nifty.com,Female,153.188.211.122
988,Mannie,Fessions,mfessionsrf@marketwatch.com,Agender,209.149.30.123
989,Margot,Kneeland,mkneelandrg@miibeian.gov.cn,Female,63.52.48.95
990,Bryan,Elphinstone,belphinstonerh@quantcast.com,Male,11.224.156.131
991,Katha,Piddlesden,kpiddlesdenri@ted.com,Female,230.12.145.1
992,Rhoda,Erricker,rerrickerrj@walmart.com,Female,9.60.224.20
993,Bern,Bettenay,bbettenayrk@cdc.gov,Male,123.142.194.110
994,Brynna,Downing,bdowningrl@facebook.com,Female,11.218.205.237
995,Ardath,Kearle,akearlerm@weebly.com,Female,65.206.235.51
996,Ilario,Flohard,iflohardrn@unicef.org,Male,132.60.89.39
997,Ermengarde,Fletham,eflethamro@ted.com,Female,134.243.112.142
998,Correy,Gilleson,cgillesonrp@1und1.de,Male,44.203.201.116
999,Kelbee,Farra,kfarrarq@google.com.au,Male,91.89.146.232
1000,Benoite,Tidmas,btidmasrr@bing.com,Genderqueer,207.32.71.165
